business_name,category,city,address,phone,source
Bath Coaching Classes,tutors,Kolkata,"H.No. 31, Chaudhry Nagar, Panihati 507856",+91 79242 81921,Justdial
QuickFix Plumbing,plumbers,Ahmedabad,"H.No. 840, Bains Circle, Tiruvottiyur-202812",+91 90663 67592,Justdial
Apna Bazar,grocery stores,Chennai,"932, Dada Ganj, Jaunpur-689815",059-22822109,Google
Nilima's Academy,tutors,Kolkata,"78, Chakraborty Chowk, Bhalswa Jahangir Pur-422825",+91 89885 45168,Google
Tap & Pipe Solutions,plumbers,Ahmedabad,"H.No. 13, Hayre Marg, Gurgaon 961723",+91 75971 24001,Justdial
QuickFix Plumbing,plumbers,Ahmedabad,"H.No. 696, Behl Circle, Sirsa-842709",071-27547740,Sulekha
Mahal Clinic,clinics,Hyderabad,,+91 92551 38067,Sulekha
Shine Beauty Parlour,salons,Delhi,"H.No. 810, Basak Circle, Mathura-762608",047-27062619,Justdial
Daksh Mart,grocery stores,Chennai,"410, Pandey Street, Karimnagar-828878",052-23587577,Google
Bright Light Electricals,electricians,Bengaluru,"H.No. 56, Chadha Zila, Tadipatri 631915",+91 72732 48841,Google
Bright Future Academy,tutors,Kolkata,"64/236, Apte Zila, Mathura 857750",+91 72989 58242,Justdial
FitLife Studio,gyms,Pune,"H.No. 94, Barman Nagar, Bathinda 847458",+91 94819 54350,Sulekha
Tandoori Nights,restaurants,Mumbai,"H.No. 93, Modi Circle, Nagaon-903125",+91 73674 58358,Google
Arogya Medical Centre,clinics,Hyderabad,"H.No. 79, Ganesan Road, Pudukkottai-465323",+91 75319 67052,Sulekha
Nori Hair Studio,salons,Delhi,"872, Madan Nagar, Mehsana-851915",+91 83579 23718,Google
FlowRight Plumber Services,plumbers,Ahmedabad,"690, Dara Nagar, Pudukkottai 924897",,Sulekha
Elite Tutorials,tutors,Kolkata,"H.No. 49, Bhatti Nagar, Sambalpur-110286",+91 86340 64686,Sulekha
Glow & Style,salons,Delhi,"49, Walla Chowk, Navi Mumbai 809291",,Justdial
Sparky Electric Services,electricians,Bengaluru,"H.No. 10, Vala, Varanasi 691234",+91 85402 77964,Sulekha
Mumbai Fitness Club,gyms,Pune,"H.No. 56, Sethi Chowk, Mau 870057",058-27900995,Justdial
Arogya Medical Centre,clinics,Hyderabad,"H.No. 94, Mand Zila, Eluru 247839",+91 87702 66143,Google
Lavanya's Bistro,restaurants,Mumbai,"H.No. 695, Murthy, Dehri-747667",+91 77371 29293,Sulekha
Mumbai Fitness Club,gyms,Pune,"69/84, Krishnamurthy Circle, Kharagpur 301069",+91 72474 21898,Justdial
Volt Power Solutions,electricians,Bengaluru,"H.No. 320, Khosla Marg, Karimnagar-302163",+91 83479 11239,Google
Dr. Gabriel's Clinic,clinics,Hyderabad,"H.No. 196, Manda Ganj, Bangalore 174918",+91 87678 36233,Sulekha
Sura Gym & Fitness,gyms,Pune,"03/632, Agate Marg, Yamunanagar-747138",+91 99011 29199,Justdial
Royal Darbar,restaurants,Mumbai,,080-20910176,Justdial
Flavors of India,restaurants,Mumbai,"863, Bir Ganj, Phagwara-834753",+91 76681 27091,Google
Tandoori Nights,restaurants,Mumbai,"92/712, Ramesh Chowk, Suryapet 360946",026-29595676,Sulekha
Tap & Pipe Solutions,plumbers,Ahmedabad,,+91 86662 93181,Sulekha
Sparky Electric Services,electricians,Bengaluru,"180, Bawa Chowk, Gaya 485273",+91 75288 11145,Sulekha
William's Academy,tutors,Kolkata,"13/94, Andra Circle, Raipur-004512",+91 77897 40093,Google
Walla Clinic,clinics,Hyderabad,"43/20, Rout Street, Purnia 052041",+91 88091 47981,Google
FitLife Studio,gyms,Pune,"H.No. 318, Mutti Street, Fatehpur 692837",037-24122453,Google
Khanna Plumbers,plumbers,Ahmedabad,"74/455, Patla Ganj, Mira-Bhayandar-797955",063-26306729,Sulekha
Basak Gym & Fitness,gyms,Pune,"20/07, Rai Road, Tumkur 178684",+91 83649 22538,Sulekha
Toor Plumbers,plumbers,Ahmedabad,"H.No. 12, Nayak Zila, Dehri-660699",030-20349321,Justdial
Bera Coaching Classes,tutors,Kolkata,"75/68, Gill Path, Rajahmundry 627981",+91 79256 94643,Google
QuickFix Plumbing,plumbers,Ahmedabad,"03/005, Buch Nagar, Jalandhar 200262",+91 96421 45898,Justdial
Shine Beauty Parlour,salons,Delhi,"32/31, Mahal Zila, Surat-770291",+91 84453 60813,Google
FlowRight Plumber Services,plumbers,Ahmedabad,"H.No. 527, Raj Ganj, Mathura 938999",+91 78709 71824,Sulekha
Shine Beauty Parlour,salons,Delhi,"29/76, Contractor Road, Hajipur-308773",+91 81884 90576,Google
Apna Bazar,grocery stores,Chennai,"H.No. 008, Gole Chowk, Kavali 706769",+91 88791 20117,Google
Unni Electric,electricians,Bengaluru,"48, Bhavsar Chowk, Srikakulam-633140",+91 98303 43575,Justdial
Thaman Kirana Store,grocery stores,Chennai,"07/91, Kale Nagar, Malda-506640",+91 73649 79412,Sulekha
FlowRight Plumber Services,plumbers,Ahmedabad,"H.No. 341, Raja Circle, Aurangabad 862614",+91 88587 35689,Google
Iron & Sweat Gym,gyms,Pune,"80/62, Bhat Chowk, Nandyal 909811",+91 83006 80313,Google
Parikh Clinic,clinics,Hyderabad,"H.No. 504, Krishnamurthy Road, Nashik-409634",056-28284348,Justdial
QuickFix Plumbing,plumbers,Ahmedabad,,+91 73116 84451,Google
Scissors & Comb,salons,Delhi,"H.No. 32, Thakur Road, Sangli-Miraj & Kupwad 888690",+91 96253 99501,Google
Sai's Bistro,restaurants,Mumbai,"H.No. 085, Ahuja, Bijapur-534577",+91 98582 70901,Google
Volt Power Solutions,electricians,Bengaluru,"27/779, Dayal Zila, Aizawl 254597",+91 98502 25587,Google
Arogya Medical Centre,clinics,Hyderabad,"04/937, Randhawa Road, Ongole-368781",+91 82331 64717,Justdial
Shine Beauty Parlour,salons,Delhi,,+91 85738 75034,Sulekha
Michael's Unisex Salon,salons,Delhi,"H.No. 68, Yadav Circle, Tinsukia-829702",041-23560966,Google
Dr. Anamika's Clinic,clinics,Hyderabad,"H.No. 519, Kakar, Kadapa 216354",+91 82679 83570,Sulekha
Royal Darbar,restaurants,Mumbai,"32/773, Kapadia Path, North Dumdum-257919",059-21499242,Justdial
Bachittar Electric,electricians,Bengaluru,"08, Golla Ganj, Meerut 670317",+91 93138 64674,Google
Bhavika's Unisex Salon,salons,Delhi,"08, Baria Street, Visakhapatnam 576438",+91 99089 67705,Justdial
Bassi Kitchen,restaurants,Mumbai,"H.No. 999, Sethi Circle, Satna-179631",+91 95813 42230,Sulekha
Care & Cure Clinic,clinics,Hyderabad,"H.No. 135, Johal Street, Hazaribagh 280026",+91 72234 15270,Sulekha
Iron & Sweat Gym,gyms,Pune,"35/70, Mann Chowk, Vijayanagaram-115127",+91 75564 86948,Justdial
Scissors & Comb,salons,Delhi,"26, Pathak Nagar, Katihar 853017",+91 80340 90746,Sulekha
Manya's Bistro,restaurants,Mumbai,"89, Chander Marg, Ahmedabad 941005",+91 77717 26935,Google
Triveni's Bistro,restaurants,Mumbai,"11, Kara Nagar, Tadipatri-412855",+91 88377 57438,Google
Elite Tutorials,tutors,Kolkata,"48/509, Dugal Street, New Delhi-442992",+91 99076 59237,Justdial
Ranveer Plumbing,plumbers,Ahmedabad,"H.No. 754, Suresh Chowk, Medininagar 720294",+91 83498 24635,Google
Elite Tutorials,tutors,Kolkata,"85/718, Chowdhury, Madurai 925378",+91 79869 73970,Google
Kolkata Supermarket,grocery stores,Chennai,"322, Chaudhuri Circle, Bhimavaram 252483",+91 78596 78459,Google
Frederick Electric,electricians,Bengaluru,"02, Bhandari Path, Medininagar-095507",+91 80305 52534,Sulekha
Parikh Kitchen,restaurants,Mumbai,"74/685, Dube Circle, Madurai 124298",+91 86997 73426,Google
Bright Light Electricals,electricians,Bengaluru,,075-20639138,Google
Apna Bazar,grocery stores,Chennai,"575, Goyal Path, Firozabad-629924",+91 96555 38208,Google
Bright Future Academy,tutors,Kolkata,"18/577, Trivedi, Bhilwara-810772",072-24322656,Sulekha
Bail Kirana Store,grocery stores,Chennai,"62/93, Sharma Ganj, Fatehpur-672866",+91 75122 35763,Sulekha
Arogya Medical Centre,clinics,Hyderabad,"56/89, Pandey Street, Jalandhar 746967",+91 92762 88672,Justdial
Bengaluru Health Center,clinics,Hyderabad,"H.No. 432, Bhatnagar Zila, Surendranagar Dudhrej-292602",+91 71815 24459,Sulekha
Baral Kitchen,restaurants,Mumbai,"10/733, Handa Street, Ambarnath-840526",+91 82047 63083,Sulekha
Elite Tutorials,tutors,Kolkata,"H.No. 21, Bumb Ganj, Latur-457072",+91 81164 71771,Sulekha
Bright Future Academy,tutors,Kolkata,"H.No. 886, Lad Marg, Hajipur-778123",+91 87842 88159,Justdial
Apna Bazar,grocery stores,Chennai,"398, Kanda Road, Kanpur 973104",+91 81967 52331,Google
Dr. Balvan's Clinic,clinics,Hyderabad,"H.No. 01, Shere Road, Mango 750603",+91 93173 89183,Justdial
Hyderabad Supermarket,grocery stores,Chennai,"H.No. 076, Gill Ganj, New Delhi-919613",,Justdial
Volt Power Solutions,electricians,Bengaluru,"H.No. 390, Apte Ganj, Panihati-021813",079-26302410,Sulekha
Elite Tutorials,tutors,Kolkata,"H.No. 755, Sridhar Circle, Kollam-413172",+91 92750 46132,Google
Daily Needs Grocery,grocery stores,Chennai,"H.No. 220, Kapadia Nagar, Chinsurah 449813",076-23828480,Justdial
Lipika Plumbing,plumbers,Ahmedabad,"H.No. 44, Upadhyay Road, Kochi 307795",038-29271775,Google
Mumbai Fitness Club,gyms,Pune,"H.No. 66, Chadha Ganj, Sultan Pur Majra-922456",+91 70873 70339,Sulekha
Prabhakar Kirana Store,grocery stores,Chennai,"H.No. 742, Ray Marg, Latur 813253",065-28416344,Sulekha
Radhakrishnan Coaching Classes,tutors,Kolkata,"H.No. 49, Mandal Road, Tirunelveli-773902",+91 89959 25309,Justdial
Dr. Fitan's Clinic,clinics,Hyderabad,"043, Pillay Path, Mysore 691257",+91 89809 87739,Justdial
Flavors of India,restaurants,Mumbai,"416, Sabharwal Nagar, Nagercoil-097518",+91 97554 66988,Google
Tap & Pipe Solutions,plumbers,Ahmedabad,"716, Verma Path, Jamalpur 365996",038-23215036,Sulekha
Elite Tutorials,tutors,Kolkata,"10/110, Dar Street, Chennai 503174",055-23812912,Sulekha
Glow & Style,salons,Delhi,"67, Puri Nagar, Katni-376982",+91 90714 61602,Justdial
Anjali Electric,electricians,Bengaluru,"H.No. 763, Parekh Road, Jalgaon 769734",+91 97698 52563,Justdial
Hari Hair Studio,salons,Delhi,"577, Bir Street, Bokaro 036442",045-29891786,Justdial
FlowRight Plumber Services,plumbers,Ahmedabad,"09/28, Master Marg, Durg 073849",,Justdial
Daksha's Academy,tutors,Kolkata,"049, Halder Ganj, Agartala-287475",+91 81600 29058,Justdial
Daily Needs Grocery,grocery stores,Chennai,"67/38, Randhawa Chowk, Bardhaman-489336",+91 98745 44005,Justdial
Chowdhury Kirana Store,grocery stores,Chennai,"H.No. 945, Chhabra Chowk, Srinagar-469886",+91 96639 25034,Google
Care & Cure Clinic,clinics,Hyderabad,"26/20, Bedi Zila, Lucknow 880513",+91 88657 34209,Google
Glow & Style,salons,Delhi,"43/407, Patel Zila, Vasai-Virar-311476",+91 95273 61022,Google
Arogya Medical Centre,clinics,Hyderabad,"13/92, Rege Road, Nashik 459245",048-27265269,Justdial
Sankar Kirana Store,grocery stores,Chennai,"H.No. 11, Bhasin Path, Mango 943075",+91 73248 79119,Sulekha
QuickFix Plumbing,plumbers,Ahmedabad,"H.No. 68, Mannan Marg, Siwan-350890",044-27781094,Justdial
Panini Plumbing,plumbers,Ahmedabad,"09/33, Badami, Parbhani 544173",+91 70881 34213,Justdial
Nanda Coaching Classes,tutors,Kolkata,"08/091, Borde Circle, Phagwara-633120",044-26576806,Sulekha
Care & Cure Clinic,clinics,Hyderabad,"97/17, Bhalla Circle, Sambhal-158647",+91 77665 64300,Justdial
Bright Light Electricals,electricians,Bengaluru,"700, Vala, Sikar-626799",+91 92830 88890,Google
Volt Power Solutions,electricians,Bengaluru,"01/976, Varughese Path, Dhanbad-124217",053-21676923,Justdial
Mumbai Health Center,clinics,Hyderabad,"42/204, Sura Circle, Alwar 126851",026-21682594,Sulekha
Dhingra Kirana Store,grocery stores,Chennai,"H.No. 17, Kadakia Street, Pune 180630",+91 86739 81704,Google
The Golden Curry,restaurants,Mumbai,"24/503, Balan Circle, Madhyamgram-457144",+91 89841 25171,Justdial
Royal Darbar,restaurants,Mumbai,"17, Lall Nagar, Solapur-789121",+91 95924 10941,Sulekha
Apna Bazar,grocery stores,Chennai,"H.No. 306, Ahluwalia Path, Patiala-436086",+91 73788 87925,Justdial
Sparky Electric Services,electricians,Bengaluru,"90/24, Choudhury Nagar, Erode 422110",+91 87893 76749,Google
Hayer Kirana Store,grocery stores,Chennai,"H.No. 92, Swaminathan Nagar, Proddatur 291217",+91 96049 49892,Google
Joshi Plumbers,plumbers,Ahmedabad,"H.No. 65, Keer Zila, Bikaner-825897",+91 99789 51712,Justdial
Kapadia Plumbers,plumbers,Ahmedabad,"783, Srivastava Ganj, Srikakulam-724517",+91 88980 30517,Sulekha
Bali Kirana Store,grocery stores,Chennai,"32/592, Badami Nagar, Panvel 913007",+91 73366 23787,Sulekha
Tap & Pipe Solutions,plumbers,Ahmedabad,"91/32, Reddy Road, Firozabad-992256",+91 98993 84559,Justdial
Kolkata Fitness Club,gyms,Pune,"94, Nagy Street, Bidar 997419",+91 88120 57860,Google
Chaudhry Clinic,clinics,Hyderabad,"H.No. 45, Basu Marg, Patiala 334314",+91 84293 76913,Sulekha
Tandoori Nights,restaurants,Mumbai,"65/575, Reddy Circle, Jhansi-294126",+91 98056 24359,Justdial
Apna Bazar,grocery stores,Chennai,"65, Kala Zila, Satna 246875",+91 85912 98665,Sulekha
Dara Plumbers,plumbers,Ahmedabad,"H.No. 670, Rana Path, Naihati-829410",+91 95691 54099,Justdial
Wishi Electric,electricians,Bengaluru,"H.No. 85, Bandi Street, Mahbubnagar-228969",+91 70574 10133,Google
Bedi Coaching Classes,tutors,Kolkata,,+91 74684 69181,Google
Karan's Academy,tutors,Kolkata,"58/02, Bhatt Nagar, Naihati 985949",+91 96361 72590,Google
Royal Darbar,restaurants,Mumbai,"11/364, Natarajan, Bhimavaram 895641",+91 77646 93319,Sulekha
Elite Tutorials,tutors,Kolkata,"329, D’Alia Ganj, Chinsurah 876392",+91 93222 76081,Google
Scissors & Comb,salons,Delhi,"H.No. 47, Hari Circle, Panvel 261370",+91 72833 16556,Justdial
Keer Plumbers,plumbers,Ahmedabad,"26/51, Cheema Marg, Sangli-Miraj & Kupwad 510440",022-25158525,Justdial
Shine Beauty Parlour,salons,Delhi,"38, Mander Street, Shahjahanpur 528419",+91 79941 47740,Google
Jagat's Bistro,restaurants,Mumbai,"44/72, Kuruvilla Nagar, Firozabad 525941",069-29665556,Google
Randhawa Kitchen,restaurants,Mumbai,"494, Sahni Circle, Guna-572788",+91 77832 45077,Google
Tiwari Plumbers,plumbers,Ahmedabad,"H.No. 28, Murty Chowk, Gulbarga 498575",+91 86074 38610,Google
Flavors of India,restaurants,Mumbai,"34/71, Swaminathan Ganj, Madurai 214992",+91 84347 28413,Justdial
Khosla Kirana Store,grocery stores,Chennai,"865, Patel, Sirsa 903654",+91 93143 40584,Sulekha
Care & Cure Clinic,clinics,Hyderabad,"H.No. 01, Soman Street, Alappuzha 976440",+91 72758 75208,Justdial
FlowRight Plumber Services,plumbers,Ahmedabad,"73/840, Bedi Chowk, Surat-830163",+91 77675 40195,Justdial
The Golden Curry,restaurants,Mumbai,"H.No. 46, Andra Path, Bidar 084739",+91 91913 31038,Sulekha
Bright Future Academy,tutors,Kolkata,"H.No. 938, Mammen Marg, Avadi 177530",055-23130937,Justdial
Ahmedabad Supermarket,grocery stores,Chennai,"20/075, Sarna, Guwahati-960483",+91 97285 98880,Sulekha
Loke Gym & Fitness,gyms,Pune,"H.No. 517, Misra Circle, Berhampore-635977",073-25883182,Google
Royal Darbar,restaurants,Mumbai,"H.No. 37, Nadkarni Road, Deoghar-492575",+91 87048 92682,Google
Borah Electricals,electricians,Bengaluru,"21, Tailor Nagar, Ahmedabad-803003",+91 83537 17442,Google
Hritik's Bistro,restaurants,Mumbai,"360, Manda Circle, Haridwar 931248",041-24751768,Justdial
Shine Beauty Parlour,salons,Delhi,"963, Mittal Chowk, Bulandshahr-613903",+91 90086 44926,Google
Om Kirana Store,grocery stores,Chennai,"92/26, Srinivasan Road, Durgapur-971697",+91 88313 41434,Google
Flavors of India,restaurants,Mumbai,"18/35, Divan Circle, Kulti 113764",+91 95029 57078,Sulekha
Dr. Ishaan's Clinic,clinics,Hyderabad,"48/674, Amble Path, Ramgarh-351449",+91 70843 63202,Justdial
Scissors & Comb,salons,Delhi,"17, Reddy Ganj, Bilaspur-981131",059-29883346,Sulekha
Daily Needs Grocery,grocery stores,Chennai,"35, Vala Chowk, Mumbai-875313",,Sulekha
Loke Gym & Fitness,gyms,Pune,"H.No. 84, Bir Marg, Jaipur-055334",+91 96713 36939,Sulekha
Royal Darbar,restaurants,Mumbai,"H.No. 903, Chawla Street, Kakinada 537804",,Sulekha
FitLife Studio,gyms,Pune,"H.No. 387, Keer Nagar, Thrissur-846772",+91 76405 12808,Google
Nirja Electric,electricians,Bengaluru,"98, Divan Road, Aurangabad-348267",052-24693129,Google
FitLife Studio,gyms,Pune,"60/010, Lata Chowk, Narasaraopet 357975",+91 84479 16123,Google
Gold's Fitness Hub,gyms,Pune,"28/725, Pai Chowk, Darbhanga 689033",078-29329088,Google
Bengaluru Spice,restaurants,Mumbai,,+91 92176 53329,Sulekha
Chaudhari Kitchen,restaurants,Mumbai,"02, Ravel Ganj, Giridih 843625",+91 80373 79670,Justdial
The Golden Curry,restaurants,Mumbai,"H.No. 40, Kuruvilla Zila, Ranchi 943426",+91 77660 53192,Justdial
FitLife Studio,gyms,Pune,,025-22818717,Sulekha
Sparky Electric Services,electricians,Bengaluru,"665, Chacko Circle, Jhansi-346705",+91 98151 93263,Justdial
Shine Beauty Parlour,salons,Delhi,"24/32, Venkatesh Chowk, Bhiwani-636925",+91 86671 25575,Justdial
Yash Electric,electricians,Bengaluru,"10, Dayal Street, Gurgaon-651640",,Sulekha
Dr. Leela's Clinic,clinics,Hyderabad,"93/842, Dixit Chowk, North Dumdum-957403",032-20943445,Google
Apna Bazar,grocery stores,Chennai,"H.No. 655, Batra Circle, Bangalore-845377",+91 84289 64975,Sulekha
QuickFix Plumbing,plumbers,Ahmedabad,"61/62, Om, Guna 589171",033-21617087,Sulekha
Bright Future Academy,tutors,Kolkata,"71/199, Salvi Street, Kulti-123764",047-26389999,Sulekha
Mander Gym & Fitness,gyms,Pune,"H.No. 13, Sheth Nagar, Tiruppur 858673",+91 97510 83882,Justdial
Scissors & Comb,salons,Delhi,"H.No. 73, Kapur Zila, Madhyamgram 773849",+91 75761 78317,Sulekha
Care & Cure Clinic,clinics,Hyderabad,"80/183, Sen Chowk, Bhagalpur-555304",+91 76438 10645,Sulekha
QuickFix Plumbing,plumbers,Ahmedabad,"H.No. 218, Rau Circle, Berhampore-074257",+91 99458 10573,Justdial
Yadavi Electric,electricians,Bengaluru,"H.No. 15, Balakrishnan Nagar, Bhilai-540542",+91 70096 13580,Google
Shine Beauty Parlour,salons,Delhi,"53/631, Sundaram, Cuttack-687493",+91 79034 40151,Sulekha
Simon Plumbing,plumbers,Ahmedabad,"98, Khurana Ganj, Suryapet-918697",+91 85236 13849,Sulekha
Glow & Style,salons,Delhi,"H.No. 031, Kapoor, Nagercoil-128450",,Google
Veda Plumbing,plumbers,Ahmedabad,"12/09, Yogi Street, Ranchi-609490",+91 94692 86349,Sulekha
Chander Coaching Classes,tutors,Kolkata,"972, Saxena, Pune-348897",+91 74322 14248,Google
Choudhry Coaching Classes,tutors,Kolkata,"28, Bumb Path, Ranchi-233844",+91 86103 70999,Google
Iron & Sweat Gym,gyms,Pune,"51, Barad Nagar, Bhatpara-484956",+91 88947 77639,Google
Alpha Tutorials,tutors,Kolkata,"H.No. 96, Wali Circle, Kirari Suleman Nagar 854622",+91 97446 43984,Google
Hemal's Unisex Salon,salons,Delhi,"34/23, Roy Marg, Jodhpur-402915",+91 88830 86863,Google
Darpan Electric,electricians,Bengaluru,"07, Kar Zila, Sikar-156713",+91 93131 54730,Sulekha
Tripathi Kirana Store,grocery stores,Chennai,"H.No. 505, Kamdar Nagar, Jorhat 100392",+91 99429 16705,Sulekha
Glow & Style,salons,Delhi,"219, Kalla Ganj, Munger-082316",+91 74101 62449,Justdial
Sparky Electric Services,electricians,Bengaluru,"756, Manne Nagar, Bihar Sharif 278629",+91 82077 48249,Sulekha
Sparky Electric Services,electricians,Bengaluru,"571, Ramesh, Hubli–Dharwad 343378",026-25366917,Justdial
Bright Future Academy,tutors,Kolkata,"H.No. 735, Sani Circle, Hapur 940533",+91 78468 87600,Justdial
Arogya Medical Centre,clinics,Hyderabad,"H.No. 60, Gola Marg, Hindupur 993168",+91 96218 97768,Justdial
Mumbai Fitness Club,gyms,Pune,"35/07, Behl, Chittoor 306316",+91 91629 99272,Google
The Golden Curry,restaurants,Mumbai,"96/350, Prabhakar Street, Sultan Pur Majra-158720",+91 85543 77627,Justdial
Pall Plumbers,plumbers,Ahmedabad,"19/45, Devi Nagar, Ichalkaranji-215425",+91 85659 61298,Sulekha
Mumbai Fitness Club,gyms,Pune,"748, Kar Path, Tirupati 905450",+91 75417 58226,Google
Iron & Sweat Gym,gyms,Pune,"745, Sane Nagar, Begusarai 036555",+91 77869 29634,Google
Bright Light Electricals,electricians,Bengaluru,"H.No. 778, Naidu, Sangli-Miraj & Kupwad-002918",+91 84753 48280,Google
Parsa Electricals,electricians,Bengaluru,"H.No. 811, Dave Path, Durg 477368",022-21130406,Justdial
Delhi Supermarket,grocery stores,Chennai,"H.No. 427, Naik Street, Jalandhar-155281",+91 88893 82415,Justdial
Wali Electricals,electricians,Bengaluru,"63/80, Agate, Ludhiana 855101",+91 86981 26185,Justdial
Arogya Medical Centre,clinics,Hyderabad,"42/84, Nanda Street, Farrukhabad-428574",+91 80107 73662,Sulekha
Daily Needs Grocery,grocery stores,Chennai,"48, Mutti Zila, Munger 225674",+91 93596 26094,Justdial
Daily Needs Grocery,grocery stores,Chennai,"H.No. 32, Ranganathan Ganj, Akola 698778",+91 83838 99691,Google
Mumbai Health Center,clinics,Hyderabad,"H.No. 909, Kale Zila, Nadiad 804805",+91 74557 12510,Google
Madhavi's Academy,tutors,Kolkata,"69/66, Kalita Circle, Hajipur-864050",+91 93410 88763,Justdial
Sama Clinic,clinics,Hyderabad,"89/540, Mann Marg, Indore-050278",+91 80679 34146,Sulekha
Daksha's Academy,tutors,Kolkata,"H.No. 85, Bhatt Path, Pallavaram-122186",+91 91494 41354,Google
Chana Plumbers,plumbers,Ahmedabad,"78, Sinha Nagar, Karimnagar-485993",048-26261612,Justdial
Dr. Ishanvi's Clinic,clinics,Hyderabad,"H.No. 74, Grewal, Nellore 208872",+91 71229 22721,Justdial
QuickFix Plumbing,plumbers,Ahmedabad,"H.No. 318, Sundaram Road, Saharanpur 520520",+91 94846 80636,Google
Gold's Fitness Hub,gyms,Pune,"16/015, Babu Chowk, Guna-045825",+91 73732 65464,Google
Daniel Plumbing,plumbers,Ahmedabad,"11/723, Soni Zila, Hindupur-579585",+91 95872 54319,Justdial
Bright Light Electricals,electricians,Bengaluru,"H.No. 72, Tata Nagar, Tiruvottiyur 144242",+91 91270 32842,Justdial
FitLife Studio,gyms,Pune,"37/09, Sen Nagar, Anantapuram-435230",+91 84867 37334,Justdial
Iron & Sweat Gym,gyms,Pune,"20/45, Chanda Street, Jamalpur 137768",+91 75158 35809,Google
Kale Coaching Classes,tutors,Kolkata,"88/787, Oak Circle, Delhi 362637",+91 75487 71412,Google
Glow & Style,salons,Delhi,"17/14, Thaman Zila, Chandrapur-143249",+91 73911 41122,Justdial
Dr. Daksh's Clinic,clinics,Hyderabad,"97/773, Bansal Ganj, Ballia-540127",+91 91469 51045,Sulekha
Alpha Tutorials,tutors,Kolkata,"00/651, Dar Ganj, Kollam 427535",029-21998214,Google
Bright Future Academy,tutors,Kolkata,"05/681, Sodhi Nagar, Mathura-178641",+91 76997 38236,Google
Bright Future Academy,tutors,Kolkata,"77/70, Chana Road, Maheshtala 505436",+91 95648 44330,Google
Delhi Spice,restaurants,Mumbai,"09/24, Bhakta Chowk, Rewa 133593",+91 81777 59441,Google
Apna Bazar,grocery stores,Chennai,"H.No. 38, Deshpande Circle, Begusarai-173381",+91 91292 41147,Sulekha
Owen's Unisex Salon,salons,Delhi,"91/57, Kulkarni Street, Miryalaguda-027390",+91 78895 37842,Google
Urvi Mart,grocery stores,Chennai,"63/651, Padmanabhan Chowk, Pali-154853",+91 98180 58741,Justdial
Kolkata Health Center,clinics,Hyderabad,"H.No. 67, Rama Circle, Bihar Sharif-639819",+91 89027 76927,Sulekha
Shine Beauty Parlour,salons,Delhi,"99/61, Madan Zila, Bangalore-872801",+91 82334 30673,Sulekha
Sharaf Hair Studio,salons,Delhi,"H.No. 37, Pillai Circle, Madhyamgram-908445",+91 96264 45707,Sulekha
QuickFix Plumbing,plumbers,Ahmedabad,"74, Badal Street, Khammam-888260",,Sulekha
Kolkata Spice,restaurants,Mumbai,"05/413, Wadhwa Circle, Firozabad-894564",033-20617784,Justdial
Basak Clinic,clinics,Hyderabad,"H.No. 054, Lad Marg, Agra-347079",+91 93470 21912,Justdial
Gold's Fitness Hub,gyms,Pune,"80/452, Toor Zila, Jabalpur 093322",046-24877993,Justdial
Tandoori Nights,restaurants,Mumbai,"H.No. 504, Ramanathan Zila, Kakinada 458197",072-24901402,Justdial
Flavors of India,restaurants,Mumbai,"89, Ghose Marg, Tinsukia 671681",+91 71041 58007,Google
Apna Bazar,grocery stores,Chennai,"H.No. 66, Nagar Road, Kozhikode 911874",+91 97027 42290,Sulekha
Alpha Tutorials,tutors,Kolkata,"96, Kadakia Path, Danapur 519869",+91 92573 40479,Sulekha
Khalsa Electricals,electricians,Bengaluru,"22, Balan Path, New Delhi 002552",045-27368609,Google
Mangal Coaching Classes,tutors,Kolkata,"H.No. 965, Bath Ganj, Bhimavaram-439957",+91 96836 78353,Justdial
Sparky Electric Services,electricians,Bengaluru,"H.No. 73, Ranganathan Circle, Kolkata 455763",+91 89987 86123,Justdial
Volt Power Solutions,electricians,Bengaluru,"66/546, Sarin Nagar, Anantapuram-495095",+91 80203 26869,Sulekha
QuickFix Plumbing,plumbers,Ahmedabad,"43/214, D’Alia Circle, Sasaram 167438",+91 97461 86410,Google
Scissors & Comb,salons,Delhi,"H.No. 79, Comar Chowk, Dibrugarh-673833",+91 80321 51053,Sulekha
Glow & Style,salons,Delhi,"H.No. 577, Patel Path, Ramgarh 237826",071-24318306,Sulekha
Daily Needs Grocery,grocery stores,Chennai,"H.No. 276, Grover Path, Tirupati 338288",+91 84581 61924,Google
Dixit Coaching Classes,tutors,Kolkata,"76, Sarkar Marg, South Dumdum 842516",+91 72517 40319,Justdial
Chavvi Plumbing,plumbers,Ahmedabad,"H.No. 95, Brahmbhatt Circle, Indore-248628",+91 88784 66792,Google
Arogya Medical Centre,clinics,Hyderabad,"H.No. 48, Kulkarni Nagar, Bangalore 111297",+91 77112 73530,Google
FlowRight Plumber Services,plumbers,Ahmedabad,"H.No. 801, Dugal, Haridwar 561732",066-23390607,Sulekha
Gold's Fitness Hub,gyms,Pune,"91, Kunda Path, Patiala 206359",+91 92095 88893,Google
Ahmedabad Health Center,clinics,Hyderabad,"21/362, Sampath, Jamalpur 965840",+91 88049 44579,Justdial
Elite Tutorials,tutors,Kolkata,"H.No. 563, Mody Circle, Ramgarh 639009",+91 98072 46297,Sulekha
Ekbal's Bistro,restaurants,Mumbai,"H.No. 044, Mohan Road, Vellore-290723",+91 96181 70506,Sulekha
Hyderabad Fitness Club,gyms,Pune,"H.No. 78, Balakrishnan Ganj, Jorhat-836210",+91 95785 36596,Sulekha
Yadav Coaching Classes,tutors,Kolkata,"54/62, Korpal Circle, Bathinda-547672",+91 76984 11327,Justdial
Bright Light Electricals,electricians,Bengaluru,"08, Peri Ganj, Alappuzha-686983",025-29238911,Google
Bright Future Academy,tutors,Kolkata,"H.No. 81, Bhardwaj Nagar, Danapur-162213",+91 80591 19475,Sulekha
Dominic's Unisex Salon,salons,Delhi,"H.No. 791, Bir Marg, Silchar-499696",053-21671735,Google
Harinakshi Mart,grocery stores,Chennai,"19/19, Oak, Jehanabad-803897",+91 81518 87577,Justdial
QuickFix Plumbing,plumbers,Ahmedabad,"H.No. 37, Om, Shimla 354519",+91 92643 40132,Sulekha
QuickFix Plumbing,plumbers,Ahmedabad,"57, Banik Circle, Kakinada 181145",,Sulekha
Parikh Kirana Store,grocery stores,Chennai,"98, Char Street, Bharatpur-239250",+91 72233 26965,Google
Tap & Pipe Solutions,plumbers,Ahmedabad,"399, Mall Chowk, Proddatur-774314",+91 87974 60429,Justdial
Bright Future Academy,tutors,Kolkata,"89, Wagle Street, Bhalswa Jahangir Pur-009216",069-26153830,Google
Chennai Fitness Club,gyms,Pune,"96/96, Wali Ganj, Jamalpur 254635",+91 80433 48904,Google
Lad Clinic,clinics,Hyderabad,"H.No. 05, Narayan Ganj, Mehsana-514906",+91 96110 35477,Sulekha
Kanda Gym & Fitness,gyms,Pune,"H.No. 175, Dass Zila, Arrah 447507",+91 96898 88952,Justdial
Delhi Supermarket,grocery stores,Chennai,"H.No. 35, Issac Ganj, Bhubaneswar-106359",+91 84120 65565,Google
Flavors of India,restaurants,Mumbai,"H.No. 00, Deo Ganj, Sagar 230447",+91 95518 76266,Justdial
Scissors & Comb,salons,Delhi,"06/66, Rout Ganj, Lucknow 244417",+91 91663 17811,Sulekha
Arogya Medical Centre,clinics,Hyderabad,"746, Khosla Chowk, Berhampur 029353",+91 96702 78938,Justdial
Delhi Fitness Club,gyms,Pune,"85/50, Bumb Chowk, Bangalore-307887",+91 94461 93985,Justdial
Chennai Supermarket,grocery stores,Chennai,"30/33, Raj Nagar, Bhusawal-597069",+91 85803 14291,Sulekha
Iron & Sweat Gym,gyms,Pune,"04, Seshadri Chowk, Jammu-108425",056-27723375,Google
Saini Hair Studio,salons,Delhi,"03/749, Bhandari Road, Bhatpara-225456",+91 81765 45615,Justdial
Apna Bazar,grocery stores,Chennai,"23/551, Kapur Circle, Udaipur-752316",+91 71688 19602,Justdial
QuickFix Plumbing,plumbers,Ahmedabad,"H.No. 473, Verma Ganj, Kurnool-893919",+91 74726 68071,Justdial
Pandit Kirana Store,grocery stores,Chennai,"H.No. 29, Balasubramanian Chowk, Bhimavaram 398724",+91 70655 53557,Justdial
Volt Power Solutions,electricians,Bengaluru,"16, Mittal Circle, Kanpur 995867",+91 74340 62642,Justdial
Prabhu Clinic,clinics,Hyderabad,"296, Bahri Road, Bidhannagar-406902",+91 74281 37126,Google
Iron & Sweat Gym,gyms,Pune,"01, Yogi Zila, Bangalore-715164",+91 86945 84953,Justdial
Mumbai Spice,restaurants,Mumbai,"27/044, Walia Road, Thanjavur-970161",+91 84978 96156,Sulekha
Robert Electric,electricians,Bengaluru,"42/907, Mannan Chowk, Eluru 754912",+91 77018 12645,Google
Bright Future Academy,tutors,Kolkata,"76/11, Guha Circle, Tadepalligudem 777335",+91 96636 16148,Sulekha
Arogya Medical Centre,clinics,Hyderabad,"94, Barad Chowk, Kishanganj-628014",+91 71078 60177,Google
Royal Darbar,restaurants,Mumbai,"142, Ramaswamy Circle, Malegaon 920150",+91 98313 32942,Justdial
Ahmedabad Fitness Club,gyms,Pune,"H.No. 392, Venkataraman Road, Mangalore 543669",+91 86241 75218,Justdial
Sabharwal Electricals,electricians,Bengaluru,"H.No. 41, Venkataraman Ganj, Patiala-562069",+91 97426 65749,Sulekha
Apna Bazar,grocery stores,Chennai,"93, Konda Street, Tadepalligudem-082875",+91 74047 55738,Google
Oliver's Academy,tutors,Kolkata,"45, Kaul Zila, Raurkela Industrial Township 405809",+91 84323 33323,Google
Modi Electricals,electricians,Bengaluru,,+91 96171 95025,Google
Bhavya's Unisex Salon,salons,Delhi,"51, Nayak Zila, Bhatpara 816648",075-29406226,Justdial
Ben Coaching Classes,tutors,Kolkata,"H.No. 88, Sundaram Ganj, Sultan Pur Majra-066442",+91 92804 85293,Google
Bright Future Academy,tutors,Kolkata,"82/08, Khosla Ganj, Kanpur 896325",+91 71748 10900,Google
FitLife Studio,gyms,Pune,"40, Mammen Chowk, Hapur-470576",074-21596865,Justdial
Krishnamurthy Plumbers,plumbers,Ahmedabad,"H.No. 768, Hayer Path, Ballia-916506",+91 81243 30255,Google
Patil Hair Studio,salons,Delhi,"370, Sundaram Zila, Dharmavaram-647055",+91 79660 86591,Google
Deo Electricals,electricians,Bengaluru,"073, Datta Street, Bhagalpur-237688",+91 92074 38315,Justdial
Elite Tutorials,tutors,Kolkata,"054, Srivastava Chowk, Katni-893036",+91 93788 37427,Justdial
Varughese Hair Studio,salons,Delhi,"68/38, Mohanty Circle, Jaunpur-032091",+91 92628 23006,Sulekha
Mumbai Health Center,clinics,Hyderabad,"24/292, Gokhale, Kota-829262",+91 76137 71041,Sulekha
Kalla Electricals,electricians,Bengaluru,"121, Kashyap, Ahmednagar 932747",+91 82595 43615,Sulekha
QuickFix Plumbing,plumbers,Ahmedabad,"H.No. 889, Kota, Jhansi-457737",+91 99175 93013,Justdial
Mahajan Coaching Classes,tutors,Kolkata,"H.No. 923, Andra Street, Meerut-602712",+91 89821 15280,Sulekha
Suri Electricals,electricians,Bengaluru,"481, Patel Path, Sambalpur-277291",+91 96201 71458,Justdial
Jagrati Mart,grocery stores,Chennai,"H.No. 622, Lad Chowk, Howrah-790900",+91 70560 51444,Sulekha
Bright Light Electricals,electricians,Bengaluru,"71/92, Parekh, Proddatur 059947",036-24220593,Google
Dr. Vidhi's Clinic,clinics,Hyderabad,"86/05, Pai Street, North Dumdum-870209",+91 76534 57683,Sulekha
Apna Bazar,grocery stores,Chennai,"90/72, Pingle Zila, Aligarh-209983",+91 80908 71718,Sulekha
Tandoori Nights,restaurants,Mumbai,"44, Srivastava Ganj, Pudukkottai-127893",+91 96092 85461,Justdial
Dewan Kirana Store,grocery stores,Chennai,"38/75, Thakur Circle, Phusro-484948",027-22384668,Sulekha
Chennai Fitness Club,gyms,Pune,"H.No. 99, Raghavan Chowk, Kamarhati 706979",029-23482367,Sulekha
Tandoori Nights,restaurants,Mumbai,"H.No. 017, Atwal, Danapur 049954",+91 70499 36926,Google
Pune Fitness Club,gyms,Pune,"729, Zacharia Path, Gandhinagar 395029",+91 76818 27104,Justdial
Matthew's Unisex Salon,salons,Delhi,"H.No. 81, Mutti, Tirupati 664038",,Justdial
Dr. Warjas's Clinic,clinics,Hyderabad,"H.No. 680, Chaudry Marg, Sri Ganganagar-795383",+91 80537 25934,Google
Karan Hair Studio,salons,Delhi,"32/088, Tripathi Path, Fatehpur 385817",+91 95435 67127,Justdial
Gold's Fitness Hub,gyms,Pune,"H.No. 334, Chada Street, Kavali-356092",+91 88588 29570,Google
Saanvi's Academy,tutors,Kolkata,"H.No. 635, Puri Circle, Nadiad 305201",+91 79327 58520,Justdial
Sharma Hair Studio,salons,Delhi,"99/49, Nagy Ganj, Raiganj 174701",+91 91052 66794,Google
Pathak Electricals,electricians,Bengaluru,"H.No. 60, Bhargava Zila, Dibrugarh-241003",+91 92119 15406,Justdial
FitLife Studio,gyms,Pune,"57, Palla Zila, Jaunpur 350034",+91 72826 90277,Sulekha
Gold's Fitness Hub,gyms,Pune,"638, Lala Nagar, Mirzapur 467972",054-24574682,Sulekha
Hora Plumbers,plumbers,Ahmedabad,,+91 84117 39436,Google
Alpha Tutorials,tutors,Kolkata,,071-23371714,Sulekha
Tandoori Nights,restaurants,Mumbai,"00/287, Sur Path, Rampur-336246",+91 74940 93509,Google
Murty Hair Studio,salons,Delhi,"11, Shan Road, Deoghar-240022",+91 70700 75828,Justdial
Shine Beauty Parlour,salons,Delhi,"53/05, Ben Marg, Pimpri-Chinchwad-346020",+91 72862 12686,Google
Guha Hair Studio,salons,Delhi,,+91 73936 37212,Justdial
Dixit Clinic,clinics,Hyderabad,"70, Varughese Path, Amroha-257294",+91 76946 49142,Sulekha
Bengaluru Fitness Club,gyms,Pune,"356, Keer Circle, Nagaon-243097",061-25739931,Justdial
FlowRight Plumber Services,plumbers,Ahmedabad,"12/142, Issac, Sikar-606688",,Sulekha
Care & Cure Clinic,clinics,Hyderabad,"H.No. 754, Memon Marg, Jhansi 109742",+91 93855 79083,Google
Dr. Anvi's Clinic,clinics,Hyderabad,"33, Mallick Marg, Udaipur 674781",+91 97764 40611,Google
Sharaf Kitchen,restaurants,Mumbai,"91/904, Modi Zila, Gandhidham-656386",+91 70516 14772,Sulekha
The Golden Curry,restaurants,Mumbai,"04, Madan Zila, Nizamabad 217065",+91 82864 59679,Justdial
Sahni Gym & Fitness,gyms,Pune,"H.No. 63, Chad Marg, Satara 170257",+91 75361 87125,Justdial
FitLife Studio,gyms,Pune,"62/78, Tak Chowk, Loni-119484",+91 89438 20732,Google
Sant Plumbers,plumbers,Ahmedabad,"81, Mistry Zila, Akola 411414",+91 74291 87227,Justdial
Sparky Electric Services,electricians,Bengaluru,"78, Singhal Chowk, Farrukhabad-274681",027-26532011,Google
Gold's Fitness Hub,gyms,Pune,"30/39, Karnik Street, Raiganj-399815",+91 96270 49531,Sulekha
Dr. Jagvi's Clinic,clinics,Hyderabad,"474, Singhal, Sambhal-673506",+91 85420 25336,Google
Arogya Medical Centre,clinics,Hyderabad,"H.No. 538, Shetty, Durg 595733",+91 98554 84738,Sulekha
Agastya's Bistro,restaurants,Mumbai,"H.No. 71, Sur, Darbhanga 143962",030-21759158,Justdial
Devansh's Unisex Salon,salons,Delhi,"21/637, Deshmukh Road, Motihari-391938",+91 84019 72241,Justdial
Care & Cure Clinic,clinics,Hyderabad,,+91 95716 41424,Sulekha
Bright Light Electricals,electricians,Bengaluru,"H.No. 96, Chad Zila, Guntur-938406",+91 84577 68677,Google
Ahmedabad Supermarket,grocery stores,Chennai,"59, Tripathi Chowk, Hubli–Dharwad 308601",+91 76693 55015,Sulekha
Delhi Fitness Club,gyms,Pune,"40/931, Sathe Nagar, Amroha 841758",027-27823209,Sulekha
Gold's Fitness Hub,gyms,Pune,"62/850, Gala Ganj, Ramagundam 288663",022-26432958,Google
Delhi Fitness Club,gyms,Pune,"98/33, Shenoy Marg, Bilaspur 481255",+91 93108 94378,Justdial
Buch Electricals,electricians,Bengaluru,"30/712, Cherian Zila, Chennai-974128",+91 81869 19682,Google
Bhatti Electricals,electricians,Bengaluru,"85, Lad Street, Khandwa-309776",+91 75916 54828,Justdial
QuickFix Plumbing,plumbers,Ahmedabad,"99/20, Dayal Path, Kulti-861112",+91 98213 16692,Google
Sparky Electric Services,electricians,Bengaluru,"89/12, Manda Road, Vijayanagaram 508837",+91 88699 75240,Sulekha
Iron & Sweat Gym,gyms,Pune,"44/58, Setty Ganj, Visakhapatnam 079019",+91 97811 33395,Sulekha
Arogya Medical Centre,clinics,Hyderabad,"H.No. 19, Mann Zila, Unnao 542304",+91 85220 43226,Justdial
Royal Darbar,restaurants,Mumbai,"H.No. 534, Maharaj Marg, Hapur 623653",043-22977644,Google
Konda Kitchen,restaurants,Mumbai,"H.No. 037, Korpal Road, Rajahmundry-940883",+91 82829 75063,Sulekha
Sachdev Gym & Fitness,gyms,Pune,"085, Khanna Chowk, Panvel-273335",031-25635754,Sulekha
Abeer's Unisex Salon,salons,Delhi,"H.No. 60, Kapoor Nagar, Madanapalle 338478",+91 98589 57447,Sulekha
Iron & Sweat Gym,gyms,Pune,"12/44, Khosla Zila, Gangtok-971125",+91 82984 64434,Sulekha
Bright Light Electricals,electricians,Bengaluru,"39/821, Naik, Jalgaon-965115",+91 81926 76602,Sulekha
Oviya Plumbing,plumbers,Ahmedabad,"39/531, Parmar Marg, Thane 810917",+91 96513 84024,Google
Udant Plumbing,plumbers,Ahmedabad,"H.No. 66, Shanker Circle, Bongaigaon-712008",+91 75251 22754,Justdial
Glow & Style,salons,Delhi,"42/85, Uppal Zila, Visakhapatnam 481861",+91 72732 79628,Google
Chennai Fitness Club,gyms,Pune,"794, Date Road, Siliguri 137574",+91 72838 67456,Sulekha
Kulkarni Plumbers,plumbers,Ahmedabad,"617, Venkataraman Street, Proddatur-060707",+91 71477 55838,Justdial
Shine Beauty Parlour,salons,Delhi,"51/71, Kant, Srinagar 265671",+91 76144 86530,Google
Kashvi Electric,electricians,Bengaluru,"H.No. 38, Tara Circle, Mirzapur-913283",+91 83803 37290,Sulekha
Volt Power Solutions,electricians,Bengaluru,"508, Brahmbhatt Ganj, Mango 299588",+91 91601 16055,Sulekha
Volt Power Solutions,electricians,Bengaluru,"44, Mukherjee Zila, Jamalpur-911604",080-20597010,Justdial
Care & Cure Clinic,clinics,Hyderabad,"50/041, Reddy Zila, Chandrapur 886218",+91 84248 91897,Sulekha
Hyderabad Spice,restaurants,Mumbai,"68, Ranganathan Street, Tadepalligudem-070153",079-24887569,Justdial
Arogya Medical Centre,clinics,Hyderabad,"H.No. 93, Pandya Zila, Tirunelveli-143036",+91 93031 57538,Sulekha
Daily Needs Grocery,grocery stores,Chennai,"H.No. 657, Sanghvi Nagar, New Delhi-278263",051-25189685,Google
Tandoori Nights,restaurants,Mumbai,"83/552, Kala Street, Gangtok-651552",043-25218330,Justdial
Alpha Tutorials,tutors,Kolkata,"H.No. 32, Sachdev Ganj, Khandwa 430865",+91 82383 58242,Google
Upma Mart,grocery stores,Chennai,"95/73, Kaul Ganj, Berhampur-638000",074-20992585,Justdial
Sparky Electric Services,electricians,Bengaluru,"07/474, Morar Zila, Meerut-294820",+91 98925 94259,Sulekha
Choudhry Electricals,electricians,Bengaluru,"H.No. 87, Chahal Ganj, Bhusawal-725784",+91 83822 10155,Justdial
Iron & Sweat Gym,gyms,Pune,"H.No. 546, Wali Marg, Madhyamgram 338386",+91 85635 55221,Justdial
Madhav Electric,electricians,Bengaluru,"20/47, Pau, Amroha-075378",+91 74601 22903,Google
Kolkata Fitness Club,gyms,Pune,"922, Kannan Nagar, Pondicherry-866915",+91 86083 90230,Justdial
Arogya Medical Centre,clinics,Hyderabad,"89/22, Pau, Kottayam-378835",+91 72587 44223,Sulekha
Dr. Ranveer's Clinic,clinics,Hyderabad,"49, Bedi Ganj, Kurnool-944928",034-29378268,Justdial
Prabhu Electricals,electricians,Bengaluru,"641, Randhawa Zila, Adoni-790621",+91 86807 16346,Justdial
Bengaluru Supermarket,grocery stores,Chennai,"64/53, Toor Zila, Thanjavur-881145",071-22906539,Sulekha
Kamala Mart,grocery stores,Chennai,"22/79, Nazareth Path, Panchkula 323810",046-24862443,Google
Gold's Fitness Hub,gyms,Pune,"91/896, Khare Ganj, Haridwar-736256",+91 80388 83346,Sulekha
Scissors & Comb,salons,Delhi,"91/31, Chanda Path, Haldia 807172",+91 75016 51957,Sulekha
FlowRight Plumber Services,plumbers,Ahmedabad,"H.No. 32, Lad Street, Satna 709929",072-29699628,Sulekha
Zayyan Mart,grocery stores,Chennai,"H.No. 24, Raju Road, Darbhanga 128329",068-21349310,Google
Sparky Electric Services,electricians,Bengaluru,"H.No. 059, Vaidya Street, Ambarnath 625170",068-29779432,Justdial
Scissors & Comb,salons,Delhi,"49/056, Chhabra Marg, Bellary 713174",+91 71674 16666,Sulekha
Jhaveri Electricals,electricians,Bengaluru,"H.No. 61, Som Street, Unnao 912133",+91 96707 23199,Sulekha
Bright Future Academy,tutors,Kolkata,"H.No. 32, Chaudhuri Path, Durgapur 936607",+91 82758 82903,Justdial
Iron & Sweat Gym,gyms,Pune,"H.No. 053, Srinivas Nagar, Rajpur Sonarpur 507418",070-29216546,Google
Arogya Medical Centre,clinics,Hyderabad,"08/34, Ramanathan Circle, Khammam-398378",026-28543669,Sulekha
Halder Kirana Store,grocery stores,Chennai,,+91 91098 92178,Google
Tandoori Nights,restaurants,Mumbai,,+91 79685 54348,Google
Orinder Plumbing,plumbers,Ahmedabad,"701, Bail Road, Haldia-888245",+91 90860 24548,Google
Gold's Fitness Hub,gyms,Pune,"24/450, Kanda Circle, Noida-887575",+91 97346 98036,Sulekha
Bright Future Academy,tutors,Kolkata,"44/08, Bhardwaj Ganj, Nizamabad 941494",+91 75997 44850,Justdial
Volt Power Solutions,electricians,Bengaluru,"H.No. 443, Warrior Ganj, Madurai-952731",+91 76364 23943,Sulekha
Royal Darbar,restaurants,Mumbai,"H.No. 96, Chopra, Begusarai 781087",+91 94875 68247,Sulekha
Tap & Pipe Solutions,plumbers,Ahmedabad,"H.No. 179, Raj Zila, Yamunanagar 758135",+91 99332 47493,Sulekha
Daily Needs Grocery,grocery stores,Chennai,"106, Purohit Circle, Avadi 667194",+91 81549 25103,Justdial
Daily Needs Grocery,grocery stores,Chennai,"60/670, Murty Nagar, Udupi-364717",,Sulekha
Rushil Plumbing,plumbers,Ahmedabad,"431, Choudhary Ganj, Sikar 495617",+91 94529 18718,Sulekha
Chennai Spice,restaurants,Mumbai,"H.No. 840, Upadhyay Road, Guntur 297815",,Google
Scissors & Comb,salons,Delhi,"090, Kuruvilla Nagar, Bhavnagar 499720",+91 76188 92643,Justdial
Daily Needs Grocery,grocery stores,Chennai,,+91 74289 43173,Justdial
FitLife Studio,gyms,Pune,"H.No. 14, Sundaram Path, Rewa 721698",063-26223161,Justdial
Glow & Style,salons,Delhi,"32/391, Seth, Nellore-297941",+91 84982 44297,Sulekha
Grewal Plumbers,plumbers,Ahmedabad,"87/939, Sachdev Marg, Uluberia 902502",062-22345748,Justdial
Goswami Hair Studio,salons,Delhi,"H.No. 84, Saxena Chowk, Chandrapur 019429",041-23352061,Justdial
Gold's Fitness Hub,gyms,Pune,"62/46, Keer Street, Mango-081788",033-23877693,Sulekha
Bengaluru Health Center,clinics,Hyderabad,"183, Ghose Circle, Bihar Sharif-765871",+91 89618 69973,Justdial
Shine Beauty Parlour,salons,Delhi,"H.No. 95, Lad, Guwahati-896045",080-27509248,Justdial
Jacob's Academy,tutors,Kolkata,"H.No. 689, Mane Path, Yamunanagar-676030",+91 86553 27685,Google
De Hair Studio,salons,Delhi,"11/33, Dara Zila, Guntur-273460",+91 86249 96363,Justdial
Dube Gym & Fitness,gyms,Pune,"H.No. 976, Bajaj Circle, Sambalpur-069109",+91 87290 83787,Google
Flavors of India,restaurants,Mumbai,"42/630, Thaker Zila, Delhi-280911",+91 77035 13559,Google
Shine Beauty Parlour,salons,Delhi,"H.No. 978, Gopal Nagar, Bhiwandi-638193",+91 85460 24951,Google
Tap & Pipe Solutions,plumbers,Ahmedabad,"17/52, Chand Circle, Sambhal 637313",+91 83585 23693,Google
Bright Future Academy,tutors,Kolkata,"88, Saran, Mango 267818",+91 99805 42728,Google
Arogya Medical Centre,clinics,Hyderabad,"69, Dhawan Path, Kishanganj 679407",+91 89685 50421,Justdial
Mistry Electricals,electricians,Bengaluru,"H.No. 122, Bhargava Path, Allahabad-492498",+91 72823 76271,Justdial
Shine Beauty Parlour,salons,Delhi,"77/154, Hayre Zila, Panvel 984952",+91 89383 58646,Sulekha
Loke Coaching Classes,tutors,Kolkata,"56/88, Nazareth Circle, Gandhidham 862968",+91 83800 37568,Sulekha
Nagi Kitchen,restaurants,Mumbai,"H.No. 520, Mital Street, Burhanpur 741025",+91 86229 23842,Sulekha
Deep Gym & Fitness,gyms,Pune,"H.No. 214, Sant Road, Tirunelveli 315479",+91 79588 60177,Google
Mumbai Health Center,clinics,Hyderabad,"00/508, Narula Chowk, Dindigul-078685",,Justdial
Flavors of India,restaurants,Mumbai,"34/51, Raju Marg, Udupi 166018",+91 71422 36133,Justdial
Halder Hair Studio,salons,Delhi,"431, Bala Marg, Khammam 572763",044-27088803,Sulekha
The Golden Curry,restaurants,Mumbai,"74/742, Agarwal, Serampore-091228",027-24758198,Sulekha
Thaman Plumbers,plumbers,Ahmedabad,"H.No. 008, Warrior, Guwahati 886766",+91 77127 73198,Justdial
Jain Kitchen,restaurants,Mumbai,"300, Verma Ganj, Kavali-109228",060-25943976,Google
Elite Tutorials,tutors,Kolkata,"12/372, Halder Path, Tinsukia 363162",+91 97512 84072,Justdial
Jhalak Mart,grocery stores,Chennai,"57/21, Goda Nagar, Burhanpur-817757",036-28203873,Google
Iron & Sweat Gym,gyms,Pune,"47, Kalla, Naihati 789773",063-28643251,Justdial
Iron & Sweat Gym,gyms,Pune,"H.No. 04, Saini Road, Madurai-780974",+91 90906 90119,Justdial
Arogya Medical Centre,clinics,Hyderabad,"H.No. 806, Swaminathan Street, Jaunpur 021222",+91 95746 39560,Sulekha
Volt Power Solutions,electricians,Bengaluru,"93/01, Krishnan Marg, Yamunanagar 441767",+91 99440 54888,Justdial
Bhargava Coaching Classes,tutors,Kolkata,"80, Swaminathan Path, Mirzapur 003566",+91 75140 42585,Justdial
Dr. Rachita's Clinic,clinics,Hyderabad,"H.No. 67, Nadig Road, Sagar 329953",+91 89614 72644,Google
FlowRight Plumber Services,plumbers,Ahmedabad,"985, Murthy Zila, Naihati-884765",+91 99298 88587,Google
Bengaluru Fitness Club,gyms,Pune,"H.No. 54, Samra Path, Vijayanagaram 023924",039-28940086,Sulekha
Ganguly Electricals,electricians,Bengaluru,"02/636, Ray Path, Nizamabad-903467",+91 93201 64080,Justdial
Dr. Yahvi's Clinic,clinics,Hyderabad,"54/322, Khanna Path, Dibrugarh 164318",+91 77514 61259,Sulekha
Alpha Tutorials,tutors,Kolkata,"74/578, Tella Circle, Imphal 168207",+91 71865 85988,Sulekha
Verma Kirana Store,grocery stores,Chennai,"H.No. 72, Shenoy Ganj, Solapur 600269",+91 86103 16064,Google
Alpha Tutorials,tutors,Kolkata,"12/13, Kamdar, Sonipat-349117",+91 91796 62069,Sulekha
Flavors of India,restaurants,Mumbai,"22, Mody Path, Bikaner 051242",060-29647874,Sulekha
Care & Cure Clinic,clinics,Hyderabad,"67, Kapadia Street, North Dumdum 696973",+91 79713 82191,Sulekha
Royal Darbar,restaurants,Mumbai,"750, Kohli Circle, Baranagar-094315",+91 99382 62823,Justdial
Scissors & Comb,salons,Delhi,"37/743, Krishnan Nagar, Madurai 377879",+91 93184 60071,Justdial
Bright Future Academy,tutors,Kolkata,"391, Pai Ganj, Jorhat 059773",044-26229129,Justdial
Bright Light Electricals,electricians,Bengaluru,,+91 89154 63375,Sulekha
Pooja's Unisex Salon,salons,Delhi,,+91 87705 11880,Sulekha
Flavors of India,restaurants,Mumbai,"238, Mani Marg, Surat 915077",+91 91409 59293,Sulekha
Ekaja's Unisex Salon,salons,Delhi,"98/588, Goda Nagar, Nashik 657535",+91 98707 89187,Sulekha
Kamala's Bistro,restaurants,Mumbai,,+91 96511 98125,Justdial
Glow & Style,salons,Delhi,"H.No. 937, Joshi Path, Dewas-867487",+91 85546 96118,Google
Alpha Tutorials,tutors,Kolkata,"24/84, Mohanty Road, Surendranagar Dudhrej 363051",+91 82360 71713,Google
Yatan Mart,grocery stores,Chennai,"41/08, Tata Zila, Dhule-504676",+91 71017 60824,Justdial
Shine Beauty Parlour,salons,Delhi,"88/277, Halder Road, Giridih-128479",+91 78557 56880,Google
Hema's Unisex Salon,salons,Delhi,"H.No. 76, Sundaram Zila, Guntakal 071327",+91 89016 83037,Justdial
Care & Cure Clinic,clinics,Hyderabad,"04/49, Chokshi Road, Tumkur-088485",+91 71914 88720,Justdial
Glow & Style,salons,Delhi,"388, Ben Street, Kamarhati-801535",+91 89983 33201,Justdial
Dash Coaching Classes,tutors,Kolkata,"867, Barman, Jamalpur-420461",+91 70952 76245,Google
Glow & Style,salons,Delhi,"38/598, Seshadri, Aligarh-202148",+91 83660 53318,Justdial
QuickFix Plumbing,plumbers,Ahmedabad,"90/74, Brahmbhatt Zila, Moradabad 249571",+91 70798 28922,Google
Iron & Sweat Gym,gyms,Pune,"21/407, Bawa Road, Nandyal 057025",+91 71102 32437,Justdial
Widisha's Bistro,restaurants,Mumbai,,+91 76977 44732,Justdial
Dr. Hema's Clinic,clinics,Hyderabad,"00/76, Bhargava Chowk, Kota-099912",+91 87028 73174,Google
Pau Coaching Classes,tutors,Kolkata,"H.No. 99, Dugal Marg, Muzaffarpur 632632",+91 98075 95358,Justdial
Hegde Hair Studio,salons,Delhi,"70/830, Ganesh, Jehanabad 732621",,Google
Rajagopal Coaching Classes,tutors,Kolkata,"H.No. 344, Guha Road, Varanasi-020811",+91 72020 99723,Google
Comar Plumbers,plumbers,Ahmedabad,"10/122, Chokshi, Kakinada 588690",+91 82212 30561,Google
Gold's Fitness Hub,gyms,Pune,"73, Kulkarni Circle, Rohtak-020785",,Sulekha
Care & Cure Clinic,clinics,Hyderabad,"H.No. 390, Gandhi Zila, Tirupati-179359",+91 88623 10655,Google
Bengaluru Supermarket,grocery stores,Chennai,"23/18, Ganguly Chowk, Bhilai 799626",052-27189145,Justdial
Arora Kirana Store,grocery stores,Chennai,"71/34, Sama Marg, Singrauli 665772",+91 98339 96642,Sulekha
Bhasin Kitchen,restaurants,Mumbai,"07/171, Jani Chowk, Warangal-045349",+91 93809 63126,Justdial
Gill Electricals,electricians,Bengaluru,"H.No. 00, Dass Nagar, Deoghar-740849",+91 96196 26090,Justdial
Dugar Plumbers,plumbers,Ahmedabad,"H.No. 677, Murty Street, Agra 770976",027-23376252,Justdial
Chennai Health Center,clinics,Hyderabad,"02, Madan Zila, Jalgaon 213818",023-23225450,Justdial
Dr. Varsha's Clinic,clinics,Hyderabad,"58, Mishra Street, Indore 641577",+91 94245 65959,Sulekha
FlowRight Plumber Services,plumbers,Ahmedabad,"885, Korpal Path, Ajmer 235964",+91 86681 34416,Sulekha
Iron & Sweat Gym,gyms,Pune,"H.No. 346, Pillay Path, Sambhal-502550",+91 76796 10472,Sulekha
Shine Beauty Parlour,salons,Delhi,"92, Ganguly Marg, Hindupur-620528",+91 70283 34511,Google
Sparky Electric Services,electricians,Bengaluru,"H.No. 957, Andra Path, Rourkela 297155",+91 78731 64084,Sulekha
Dalbir Plumbing,plumbers,Ahmedabad,"H.No. 03, Korpal Road, Mehsana 842647",+91 89304 38274,Google
Royal Darbar,restaurants,Mumbai,"H.No. 227, Jha Nagar, Surendranagar Dudhrej 598463",+91 87446 83991,Sulekha
Mumbai Spice,restaurants,Mumbai,"92/77, Khurana Road, Purnia 302070",+91 90908 96186,Justdial
Bengaluru Spice,restaurants,Mumbai,"H.No. 431, Dugal Path, Jalna-833162",042-22913979,Google
Abdul Mart,grocery stores,Chennai,"50/91, Vala Road, Ramgarh-605280",+91 78629 40033,Sulekha
Mahajan Kirana Store,grocery stores,Chennai,"59/358, Suresh Marg, Katihar-621899",+91 75318 93660,Sulekha
Elite Tutorials,tutors,Kolkata,,+91 82606 69236,Justdial
Bright Future Academy,tutors,Kolkata,"42/67, Tank Path, Vadodara 590548",033-24314138,Sulekha
Bright Light Electricals,electricians,Bengaluru,"85/435, Peri, Tiruvottiyur 072800",+91 83384 88712,Sulekha
Royal Darbar,restaurants,Mumbai,"49/53, Kamdar, Gandhinagar 658266",+91 83706 14601,Justdial
FitLife Studio,gyms,Pune,,058-20896965,Google
Dr. Ucchal's Clinic,clinics,Hyderabad,"69, Mody Ganj, Tiruppur 300087",+91 97794 59356,Google
Wadhwa Hair Studio,salons,Delhi,"42/023, Bedi Nagar, Mathura-097555",+91 97706 30389,Sulekha
Alpha Tutorials,tutors,Kolkata,"75/32, Gour Zila, Hyderabad 449929",031-26106251,Justdial
QuickFix Plumbing,plumbers,Ahmedabad,"31, Venkatesh Chowk, Pudukkottai-303510",+91 82738 95121,Sulekha
Abhimanyu Mart,grocery stores,Chennai,,+91 71166 98197,Google
Deep Kirana Store,grocery stores,Chennai,"49, Sundaram Marg, Lucknow-119424",+91 79971 71571,Justdial
QuickFix Plumbing,plumbers,Ahmedabad,"22, Lalla Circle, Ranchi 796125",+91 96006 29237,Sulekha
Iron & Sweat Gym,gyms,Pune,"68, Dora, Belgaum 518275",,Google
Alpha Tutorials,tutors,Kolkata,"622, Pau Road, Serampore-639189",+91 72409 95222,Justdial
Nagi Electricals,electricians,Bengaluru,"00/947, Verma Road, Alappuzha 184773",+91 91189 34633,Justdial
Delhi Supermarket,grocery stores,Chennai,"636, Comar Path, Jalna 559217",+91 70439 79213,Google
FitLife Studio,gyms,Pune,"06/324, Thaker Zila, Nandyal-289264",,Justdial
Bright Future Academy,tutors,Kolkata,"H.No. 021, Brar Zila, Bhimavaram 280887",+91 81838 43130,Justdial
Glow & Style,salons,Delhi,"30/231, Balan Marg, Sultan Pur Majra-069724",+91 80652 36334,Sulekha
Alpha Tutorials,tutors,Kolkata,"H.No. 254, Goyal Ganj, Malda-015855",+91 96889 88059,Sulekha
Elite Tutorials,tutors,Kolkata,"H.No. 242, Kaul Chowk, Berhampore 634593",+91 78267 19259,Justdial
Bakshi Kitchen,restaurants,Mumbai,"67/69, Prakash Zila, Vadodara 924354",+91 82768 88549,Sulekha
Chennai Health Center,clinics,Hyderabad,"99/519, Dyal Ganj, Bhilwara-622545",+91 96287 18773,Sulekha
Kale Plumbers,plumbers,Ahmedabad,"35, Chana Nagar, Panvel-930159",+91 95152 82396,Google
FlowRight Plumber Services,plumbers,Ahmedabad,"94, Samra Zila, Amroha-068974",+91 99485 66846,Justdial
Care & Cure Clinic,clinics,Hyderabad,"96, Dora Path, Kota-017511",+91 91267 60263,Google
Scissors & Comb,salons,Delhi,"06/02, Dugar, Latur-654668",+91 88702 55527,Sulekha
Care & Cure Clinic,clinics,Hyderabad,"H.No. 88, Radhakrishnan Road, Gandhidham 227656",+91 79319 50864,Google
Care & Cure Clinic,clinics,Hyderabad,"H.No. 90, Shankar, Proddatur 312998",053-28141392,Justdial
Apna Bazar,grocery stores,Chennai,"48/08, Bassi Nagar, Ghaziabad-074464",+91 79936 30246,Google
Delhi Spice,restaurants,Mumbai,"29, Sanghvi Marg, Kolhapur 237692",+91 97957 66918,Justdial
Nanda Electricals,electricians,Bengaluru,"H.No. 31, Pandey Ganj, South Dumdum-395288",+91 90627 83918,Google
Sparky Electric Services,electricians,Bengaluru,"80/73, Reddy Marg, Visakhapatnam 020583",+91 84703 63261,Sulekha
Kaul Plumbers,plumbers,Ahmedabad,"H.No. 39, Ben Ganj, Saharsa-261881",+91 85310 41654,Sulekha
Chennai Supermarket,grocery stores,Chennai,"99/31, Khare Zila, Erode-280069",+91 97920 88822,Sulekha
Yoshita Plumbing,plumbers,Ahmedabad,"H.No. 882, Nagi Circle, Ambala-377708",+91 75112 94605,Justdial
Sparky Electric Services,electricians,Bengaluru,,+91 85803 23834,Google
Delhi Supermarket,grocery stores,Chennai,"H.No. 230, Chada Marg, Howrah-526827",+91 93407 89549,Google
Bright Light Electricals,electricians,Bengaluru,"H.No. 225, Dugal Nagar, Ludhiana 969471",+91 74462 24020,Google
Volt Power Solutions,electricians,Bengaluru,,+91 84026 49301,Google
Daily Needs Grocery,grocery stores,Chennai,"H.No. 286, Chacko Marg, Ulhasnagar 983474",072-25689341,Justdial
Apna Bazar,grocery stores,Chennai,"H.No. 48, Ravi, Pallavaram-106147",+91 75453 95469,Sulekha
Magar Gym & Fitness,gyms,Pune,"754, Mistry Marg, Ujjain-295567",072-21719548,Justdial
The Golden Curry,restaurants,Mumbai,"17/56, Kara Ganj, Sasaram 239690",,Sulekha
Apna Bazar,grocery stores,Chennai,"595, Solanki Path, Kharagpur-811635",045-24965362,Justdial
Upma's Unisex Salon,salons,Delhi,"H.No. 047, Borra, Satara 566086",+91 70884 71936,Google
Dubey Clinic,clinics,Hyderabad,"93/65, Lal Marg, Solapur 176828",+91 97369 29628,Sulekha
Barad Kirana Store,grocery stores,Chennai,"H.No. 06, Talwar Chowk, Tiruchirappalli 326698",041-25009631,Sulekha
The Golden Curry,restaurants,Mumbai,"87/870, Johal, Tadipatri 031598",+91 80066 73865,Sulekha
